"","school","ses","test","iq","sex","minority_status","denomination"
"1",1,-4.73,46,3.13,0,0,1
"2",1,-17.73,45,2.63,0,1,1
"3",1,-12.73,33,-2.37,0,0,1
"4",1,-4.73,46,-0.87,0,0,1
"5",1,-17.73,20,-3.87,0,0,1
"6",1,-17.73,30,-2.37,0,1,1
"7",1,-4.73,30,-2.37,0,1,1
"8",1,-17.73,57,1.13,0,0,1
"9",1,-14.73,36,-2.37,0,1,1
"10",1,-12.73,36,-0.87,0,1,1
"11",1,-17.73,29,-6.37,1,1,1
"12",1,-9.73,40,2.13,0,0,1
"13",1,-12.73,41,-2.87,0,1,1
"14",1,-7.73,47,-1.37,0,1,1
"15",1,-17.73,33,-1.87,0,1,1
"16",1,-7.73,37,-0.87,0,0,1
"17",1,-14.73,29,-5.37,1,0,1
"18",1,-17.73,26,-7.87,1,1,1
"19",1,-17.73,37,-0.87,1,1,1
"20",1,-12.73,40,-0.87,1,1,1
"21",1,-17.73,27,-0.87,1,0,1
"22",1,-14.73,43,0.63,1,0,1
"23",1,-17.73,39,-0.37,1,1,1
"24",1,-17.73,21,-1.87,1,1,1
"25",1,-17.73,42,-1.87,1,1,1
"26",2,-12.73,21,-0.37,1,0,1
"27",2,-12.73,27,-1.37,0,0,1
"28",2,-7.73,16,-3.87,0,0,1
"29",2,-12.73,31,-4.37,1,0,1
"30",2,-17.73,21,-4.37,0,1,1
"31",2,-4.73,18,-5.37,1,0,1
"32",2,-17.73,32,-0.37,0,0,1
"33",3,6.27,50,2.13,1,0,1
"34",3,-13.73,25,-2.87,1,0,1
"35",3,7.27,38,-1.37,1,0,1
"36",3,-5.73,33,-2.37,0,0,1
"37",3,9.27,41,-0.87,0,0,1
"38",3,-1.73,41,-0.37,1,0,1
"39",3,-7.73,39,-1.37,1,0,1
"40",3,12.27,52,1.13,1,0,1
"41",9,-6.73,34,-0.87,0,0,1
"42",9,5.27,34,1.63,0,0,1
"43",9,-2.73,43,-0.87,0,0,1
"44",9,0.27,40,1.13,1,0,1
"45",9,13.27,48,0.63,0,0,1
"46",9,-4.73,46,1.13,0,0,1
"47",9,4.27,45,-1.37,0,0,1
"48",9,15.27,55,2.13,0,0,1
"49",9,12.27,53,1.63,1,0,1
"50",9,-7.73,46,2.63,0,0,1
"51",9,6.27,56,2.13,0,0,1
"52",10,-12.73,28,-1.37,0,0,1
"53",10,-7.73,33,-1.37,0,0,1
"54",10,-7.73,38,0.63,1,0,1
"55",10,-17.73,14,-3.87,1,0,1
"56",10,5.27,39,-0.87,1,0,1
"57",12,-4.73,39,-0.37,1,0,1
"58",12,-0.73,23,-2.37,0,0,1
"59",12,5.27,43,-1.37,1,0,1
"60",12,5.27,25,-3.37,1,0,1
"61",12,0.27,24,-4.37,1,0,1
"62",12,9.27,41,-0.87,1,0,1
"63",12,2.27,32,-1.37,0,0,1
"64",12,-7.73,26,-1.37,0,0,1
"65",12,12.27,21,-2.37,0,0,1
"66",12,-7.73,37,-1.87,0,0,1
"67",12,-10.73,30,-0.37,1,0,1
"68",12,-7.73,41,-2.37,1,0,1
"69",12,22.27,31,-2.87,1,0,1
"70",12,-7.73,27,-3.87,1,0,1
"71",12,-0.73,33,-4.37,1,0,1
"72",12,12.27,29,-3.37,1,0,1
"73",13,-4.73,42,0.13,1,0,3
"74",13,3.27,37,-0.37,0,0,3
"75",13,19.27,49,5.13,1,0,3
"76",13,-3.73,39,1.13,0,0,3
"77",13,-7.73,32,-0.37,1,0,3
"78",13,10.27,50,3.63,1,0,3
"79",13,9.27,45,2.63,0,0,3
"80",13,0.27,43,4.13,0,0,3
"81",13,-3.73,54,2.63,1,0,3
"82",13,10.27,50,0.13,1,0,3
"83",13,16.27,47,1.13,0,0,3
"84",13,2.27,52,0.13,0,0,3
"85",13,16.27,51,5.13,1,0,3
"86",13,12.27,54,3.63,1,0,3
"87",14,8.27,43,0.63,1,0,3
"88",14,-15.73,22,-0.37,0,1,3
"89",14,2.27,26,2.13,1,0,3
"90",14,13.27,38,0.13,0,0,3
"91",14,17.27,32,-2.37,0,1,3
"92",14,0.27,40,2.13,1,0,3
"93",14,13.27,38,1.13,1,0,3
"94",14,13.27,35,1.13,0,0,3
"95",14,8.27,32,0.13,1,0,3
"96",14,0.27,35,0.13,1,0,3
"97",14,13.27,37,0.63,1,0,3
"98",14,4.27,31,0.63,1,0,3
"99",14,8.27,27,-1.37,0,0,3
"100",14,8.27,37,0.63,0,0,3
"101",14,13.27,51,1.63,1,0,3
"102",14,13.27,42,1.13,0,0,3
"103",14,13.27,45,5.13,0,0,3
"104",14,13.27,36,2.13,0,0,3
"105",14,13.27,54,4.13,1,0,3
"106",14,21.27,42,1.13,1,0,3
"107",14,13.27,43,5.13,0,0,3
"108",15,12.27,31,2.13,0,0,3
"109",15,-7.73,18,-3.37,0,0,3
"110",15,12.27,37,1.13,0,0,3
"111",15,-2.73,22,-1.37,1,0,3
"112",15,-7.73,43,3.13,1,0,3
"113",15,2.27,9,-2.87,1,0,3
"114",15,2.27,41,-1.87,0,0,3
"115",15,-7.73,46,0.13,0,0,3
"116",16,-4.73,34,-0.87,0,0,2
"117",16,5.27,47,-0.87,1,0,2
"118",16,-0.73,44,0.63,0,0,2
"119",16,-0.73,50,1.13,0,0,2
"120",16,-4.73,45,0.63,0,0,2
"121",16,2.27,43,-0.87,1,0,2
"122",16,7.27,34,-0.37,0,0,2
"123",16,9.27,35,-0.87,0,0,2
"124",18,-4.73,22,-2.37,0,0,1
"125",18,-12.73,27,-2.37,1,0,1
"126",18,22.27,45,3.13,1,0,1
"127",18,-0.73,45,-0.37,1,0,1
"128",18,7.27,38,1.13,0,0,1
"129",18,5.27,24,-1.37,0,0,1
"130",18,-2.73,50,1.13,1,0,1
"131",18,-7.73,22,-0.87,0,0,1
"132",18,2.27,43,2.13,0,0,1
"133",18,0.27,28,1.63,0,0,1
"134",18,5.27,38,-1.37,0,0,1
"135",18,-2.73,20,-2.37,0,0,1
"136",18,5.27,40,3.63,0,0,1
"137",18,22.27,47,0.13,0,0,1
"138",18,-12.73,20,-0.87,0,0,1
"139",18,-2.73,28,-0.87,1,0,1
"140",18,22.27,33,1.13,0,0,1
"141",18,2.27,21,-0.37,0,0,1
"142",18,10.27,44,0.63,1,0,1
"143",18,-7.73,43,0.13,0,0,1
"144",18,7.27,18,-1.87,0,0,1
"145",18,22.27,31,-1.37,1,0,1
"146",18,7.27,21,-0.37,1,0,1
"147",18,7.27,41,-0.87,0,0,1
"148",19,17.27,33,-2.87,0,0,1
"149",19,-7.73,30,-2.87,1,0,1
"150",19,13.27,30,-0.87,0,0,1
"151",19,-7.73,37,0.13,0,0,1
"152",19,-10.73,37,-1.87,1,0,1
"153",19,6.27,35,-1.87,1,0,1
"154",19,-10.73,43,1.13,0,0,1
"155",19,3.27,36,-0.37,1,0,1
"156",19,9.27,41,0.13,1,0,1
"157",19,11.27,32,0.13,1,0,1
"158",19,4.27,11,-0.37,0,0,1
"159",19,17.27,34,-1.87,1,0,1
"160",19,4.27,35,0.63,0,0,1
"161",19,-0.73,40,-0.87,1,0,1
"162",19,-1.73,29,-0.37,1,0,1
"163",19,2.27,30,0.63,1,0,1
"164",19,12.27,42,-0.87,1,0,1
"165",19,2.27,40,4.63,0,0,1
"166",19,-3.73,32,-0.87,1,0,1
"167",19,17.27,41,2.13,0,0,1
"168",19,8.27,40,-0.87,0,0,1
"169",19,21.27,45,3.63,0,0,1
"170",19,4.27,44,0.63,1,0,1
"171",19,19.27,35,0.13,0,1,1
"172",19,9.27,44,0.63,0,0,1
"173",19,17.27,47,2.13,0,0,1
"174",19,0.27,45,-0.37,0,0,1
"175",19,2.27,41,2.13,0,0,1
"176",19,13.27,49,0.13,1,0,1
"177",19,10.27,51,2.13,0,0,1
"178",19,4.27,51,2.13,0,0,1
"179",21,-5.73,44,0.13,0,0,2
"180",21,-7.73,48,2.63,0,0,2
"181",21,-9.73,43,1.13,1,0,2
"182",21,-9.73,32,-3.37,0,0,2
"183",21,-7.73,17,-0.37,0,0,2
"184",21,-7.73,27,-3.37,0,0,2
"185",21,0.27,55,1.13,0,0,2
"186",21,0.27,45,0.63,1,0,2
"187",21,-9.73,36,1.63,1,0,2
"188",21,-9.73,24,-3.87,0,0,2
"189",21,-9.73,35,-2.87,1,0,2
"190",21,-4.73,43,-0.37,0,0,2
"191",21,-4.73,48,1.13,1,0,2
"192",21,-4.73,38,2.63,1,0,2
"193",21,-7.73,44,0.13,0,0,2
"194",21,-9.73,47,0.13,0,0,2
"195",21,-4.73,36,1.63,0,0,2
"196",21,-2.73,41,-0.37,1,0,2
"197",23,0.27,36,0.13,0,0,2
"198",23,-5.73,44,0.13,1,0,2
"199",23,-10.73,28,-2.37,1,0,2
"200",23,0.27,42,1.63,0,0,2
"201",23,-10.73,44,-0.37,0,0,2
"202",23,-6.73,46,0.13,1,0,2
"203",23,-6.73,24,-2.37,1,0,2
"204",23,-10.73,45,1.13,1,0,2
"205",23,-10.73,35,-2.87,0,0,2
"206",23,-1.73,37,-0.37,0,0,2
"207",23,-12.73,49,2.63,1,0,2
"208",23,-10.73,49,1.13,1,0,2
"209",23,-1.73,48,0.63,0,0,2
"210",23,0.27,40,0.63,1,0,2
"211",23,-1.73,33,-1.87,1,0,2
"212",23,-10.73,45,1.13,1,0,2
"213",23,-10.73,43,-0.87,1,0,2
"214",23,-10.73,51,1.13,1,0,2
"215",23,-1.73,48,1.13,1,0,2
"216",23,-8.73,42,0.13,1,0,2
"217",23,0.27,52,-1.87,1,0,2
"218",23,-10.73,54,1.63,1,0,2
"219",24,-4.73,41,0.13,0,0,2
"220",24,-7.73,26,-1.87,1,0,2
"221",24,-7.73,52,2.13,1,0,2
"222",24,-17.73,43,0.63,0,0,2
"223",24,-7.73,54,1.13,0,0,2
"224",24,2.27,49,-0.37,1,0,2
"225",24,-7.73,51,3.63,0,0,2
"226",24,-4.73,47,1.63,0,0,2
"227",24,-10.73,51,0.13,1,0,2
"228",24,-4.73,51,0.13,1,0,2
"229",24,-7.73,34,-3.37,1,0,2
"230",24,-4.73,51,-1.37,1,0,2
"231",24,-4.73,49,-1.87,1,0,2
"232",24,9.27,42,-2.87,1,0,2
"233",24,-10.73,50,1.13,1,0,2
"234",24,-10.73,33,-5.37,1,0,2
"235",24,5.27,46,1.63,1,0,2
"236",24,-7.73,57,4.63,0,0,2
"237",24,2.27,35,-1.37,0,0,2
"238",24,-0.73,44,1.63,0,0,2
"239",24,-4.73,36,0.13,0,0,2
"240",24,-4.73,50,0.63,0,0,2
"241",24,-0.73,38,1.13,1,0,2
"242",24,-0.73,49,0.13,1,0,2
"243",25,-1.73,32,-0.37,1,0,1
"244",25,-10.73,33,-3.87,1,0,1
"245",25,-10.73,48,1.13,0,0,1
"246",25,-7.73,34,-3.87,1,0,1
"247",25,-7.73,37,-1.87,0,0,1
"248",25,-4.73,37,-3.37,0,0,1
"249",25,-10.73,40,-1.87,1,0,1
"250",25,15.27,41,-0.87,1,0,1
"251",25,-7.73,40,-0.37,0,0,1
"252",25,19.27,43,1.13,0,0,1
"253",25,-7.73,45,0.13,1,0,1
"254",25,-1.73,44,0.63,1,0,1
"255",26,9.27,39,1.63,0,0,2
"256",26,-7.73,26,-1.37,0,0,2
"257",26,7.27,48,0.13,0,0,2
"258",26,12.27,32,0.63,0,0,2
"259",26,5.27,46,1.13,0,0,2
"260",26,2.27,38,-1.87,0,0,2
"261",26,5.27,44,-0.87,0,0,2
"262",26,-10.73,35,-0.87,0,0,2
"263",26,-4.73,40,4.63,0,0,2
"264",26,9.27,40,1.13,0,0,2
"265",26,-7.73,46,-0.37,0,0,2
"266",26,-7.73,31,-1.87,1,0,2
"267",26,17.27,50,1.63,1,0,2
"268",26,12.27,46,1.63,1,0,2
"269",26,15.27,51,4.63,1,0,2
"270",26,0.27,29,-2.87,1,0,2
"271",26,5.27,39,0.13,1,0,2
"272",26,7.27,49,1.63,1,0,2
"273",26,19.27,43,2.13,1,0,2
"274",27,-4.73,37,-1.87,1,0,1
"275",27,-4.73,35,-1.37,0,0,1
"276",27,0.27,38,1.13,0,0,1
"277",27,-4.73,40,1.13,1,0,1
"278",27,19.27,42,2.13,0,0,1
"279",27,12.27,41,2.63,0,0,1
"280",27,12.27,32,0.13,0,0,1
"281",27,-0.73,40,0.63,0,0,1
"282",27,-4.73,20,-1.37,0,0,1
"283",27,-0.73,29,-0.87,1,0,1
"284",27,12.27,41,0.63,0,0,1
"285",27,2.27,23,1.13,0,0,1
"286",27,-4.73,27,-0.37,1,0,1
"287",27,-0.73,35,-2.37,1,0,1
"288",27,7.27,33,-0.37,0,0,1
"289",27,-4.73,31,-2.37,1,0,1
"290",27,12.27,29,0.13,0,0,1
"291",27,-7.73,31,-1.87,1,0,1
"292",27,-7.73,40,0.13,0,0,1
"293",27,-7.73,19,-5.37,1,0,1
"294",27,7.27,40,-0.87,1,0,1
"295",28,-10.73,46,1.13,1,0,2
"296",28,-2.73,36,-2.37,1,0,2
"297",28,-2.73,33,-3.37,0,0,2
"298",28,-2.73,37,-1.37,1,0,2
"299",28,-6.73,42,0.13,1,0,2
"300",28,-8.73,27,-4.37,1,0,2
"301",28,-10.73,37,-2.37,0,0,2
"302",28,-8.73,34,-1.87,1,0,2
"303",28,9.27,21,-2.87,0,0,2
"304",28,9.27,39,0.13,1,0,2
"305",28,-0.73,35,0.63,1,0,2
"306",28,-8.73,36,-1.37,0,0,2
"307",28,-8.73,41,0.63,1,0,2
"308",28,4.27,32,-0.87,1,0,2
"309",28,5.27,44,0.63,0,0,2
"310",28,-7.73,52,1.63,0,0,2
"311",28,2.27,42,1.13,0,0,2
"312",29,17.27,51,6.13,0,0,4
"313",29,19.27,51,4.13,0,0,4
"314",29,22.27,35,0.13,0,0,4
"315",29,22.27,50,-0.37,0,0,4
"316",29,17.27,51,0.13,0,0,4
"317",29,12.27,52,3.63,0,0,4
"318",29,7.27,44,2.13,1,0,4
"319",29,7.27,39,-5.87,1,0,4
"320",29,7.27,41,0.63,1,0,4
"321",29,17.27,51,4.63,1,0,4
"322",30,-8.73,40,0.13,1,0,2
"323",30,-8.73,36,-0.87,0,0,2
"324",30,-8.73,43,-0.37,1,0,2
"325",30,10.27,50,1.63,1,0,2
"326",30,-8.73,42,0.63,1,0,2
"327",30,4.27,54,2.13,1,0,2
"328",30,-3.73,54,1.63,1,0,2
"329",30,13.27,52,1.13,0,0,2
"330",30,-8.73,50,1.13,0,0,2
"331",30,4.27,55,1.63,1,0,2
"332",31,-14.73,22,-2.87,1,0,1
"333",31,-0.73,27,-3.87,0,0,1
"334",31,-10.73,33,1.13,1,0,1
"335",31,6.27,31,-0.87,1,0,1
"336",31,-10.73,37,-0.37,1,0,1
"337",31,10.27,47,1.13,1,0,1
"338",31,19.27,47,1.13,1,0,1
"339",31,19.27,36,1.63,1,0,1
"340",31,8.27,45,1.63,0,0,1
"341",31,-0.73,44,1.63,0,0,1
"342",32,-4.73,39,-1.87,1,0,2
"343",32,-8.73,35,2.13,1,0,2
"344",32,-8.73,39,-0.37,0,0,2
"345",32,-1.73,42,2.13,0,0,2
"346",32,2.27,30,-0.37,0,0,2
"347",32,-7.73,29,0.13,0,0,2
"348",32,-4.73,35,-0.37,0,0,2
"349",32,6.27,26,-1.37,0,0,2
"350",32,-8.73,38,-0.87,0,0,2
"351",32,-8.73,33,0.13,1,0,2
"352",32,19.27,47,2.13,1,0,2
"353",32,-1.73,36,1.13,0,0,2
"354",32,8.27,48,0.63,1,0,2
"355",32,-6.73,37,-2.37,0,0,2
"356",32,8.27,38,0.13,1,0,2
"357",32,1.27,35,2.63,1,0,2
"358",32,-4.73,45,0.63,1,0,2
"359",32,-4.73,45,0.63,0,0,2
"360",32,1.27,50,2.63,0,0,2
"361",32,6.27,42,1.13,0,0,2
"362",32,21.27,51,2.13,0,0,2
"363",33,-12.73,20,0.13,0,0,2
"364",33,-7.73,43,-1.87,1,0,2
"365",33,9.27,31,-1.87,0,0,2
"366",33,-2.73,42,-0.87,0,0,2
"367",33,-4.73,50,1.13,0,0,2
"368",33,-0.73,41,0.13,1,0,2
"369",34,-12.73,31,-0.87,0,0,5
"370",34,-10.73,32,-3.87,0,0,5
"371",34,-14.73,41,0.13,1,0,5
"372",34,-1.73,45,1.63,1,0,5
"373",34,2.27,52,3.13,0,0,5
"374",34,13.27,49,2.63,1,0,5
"375",35,-7.73,38,-0.87,1,0,1
"376",35,-7.73,52,1.13,0,0,1
"377",35,-7.73,34,-1.37,0,0,1
"378",35,-9.73,34,-4.87,1,0,1
"379",35,2.27,54,1.13,0,0,1
"380",35,17.27,47,1.13,0,0,1
"381",35,-9.73,25,-0.87,0,0,1
"382",35,-14.73,27,-3.87,0,1,1
"383",35,-4.73,35,-3.87,1,0,1
"384",35,-9.73,28,0.13,0,0,1
"385",35,-17.73,34,-3.37,1,1,1
"386",35,-2.73,42,-2.37,0,0,1
"387",35,-2.73,38,-1.37,0,0,1
"388",35,2.27,51,3.63,0,1,1
"389",36,-1.73,18,-3.37,1,0,3
"390",36,5.27,55,2.63,0,0,3
"391",36,-7.73,40,0.13,0,0,3
"392",36,2.27,49,0.13,0,0,3
"393",36,7.27,37,1.13,1,0,3
"394",36,-2.73,31,-2.37,0,0,3
"395",36,2.27,31,0.13,0,0,3
"396",36,2.27,28,-3.37,0,0,3
"397",36,-7.73,30,-0.87,0,0,3
"398",36,12.27,34,-2.37,1,0,3
"399",36,12.27,42,0.63,0,0,3
"400",36,2.27,29,-0.87,1,0,3
"401",36,-7.73,27,0.13,0,0,3
"402",36,5.27,32,1.13,1,0,3
"403",36,2.27,22,-2.37,0,0,3
"404",36,2.27,34,2.63,0,0,3
"405",36,10.27,36,0.63,0,0,3
"406",36,0.27,46,0.63,1,0,3
"407",36,2.27,45,0.63,1,0,3
"408",36,9.27,39,0.63,1,0,3
"409",36,12.27,36,-0.87,1,0,3
"410",36,2.27,33,-1.37,1,0,3
"411",36,12.27,28,-0.87,0,0,3
"412",36,-7.73,35,0.13,1,0,3
"413",37,13.27,35,-1.87,1,0,3
"414",37,-9.73,20,-3.37,0,0,3
"415",37,6.27,39,1.13,1,0,3
"416",37,-13.73,26,-0.87,0,0,3
"417",37,-7.73,35,2.13,1,0,3
"418",37,-4.73,41,0.63,1,0,3
"419",37,-8.73,36,-1.87,0,0,3
"420",37,6.27,34,0.63,0,0,3
"421",37,-1.73,38,-2.87,1,0,3
"422",37,-9.73,44,0.63,1,0,3
"423",37,6.27,33,-0.87,0,0,3
"424",37,19.27,43,-0.37,1,0,3
"425",37,13.27,34,-0.37,0,0,3
"426",37,13.27,45,0.13,1,0,3
"427",37,13.27,37,1.63,0,0,3
"428",37,-1.73,34,1.13,0,0,3
"429",37,-1.73,46,-0.37,1,0,3
"430",37,-1.73,40,-0.87,0,0,3
"431",37,13.27,54,1.63,0,0,3
"432",37,-9.73,44,-0.37,1,0,3
"433",37,-9.73,42,-0.37,0,0,3
"434",37,18.27,58,3.63,1,0,3
"435",37,1.27,53,1.63,1,0,3
"436",37,15.27,52,1.13,1,0,3
"437",37,17.27,51,0.13,1,0,3
"438",37,6.27,55,0.63,1,0,3
"439",37,9.27,48,1.63,0,0,3
"440",37,13.27,52,2.63,0,0,3
"441",37,17.27,56,3.63,1,0,3
"442",38,22.27,42,-0.87,0,0,2
"443",38,12.27,42,-1.87,1,0,2
"444",38,-7.73,34,-2.37,1,0,2
"445",38,-7.73,47,-2.37,0,0,2
"446",38,19.27,43,-1.87,0,0,2
"447",38,19.27,45,-0.87,0,0,2
"448",38,-7.73,53,0.13,1,0,2
"449",38,12.27,53,0.13,1,0,2
"450",38,2.27,42,0.13,1,0,2
"451",38,2.27,40,-0.87,0,0,2
"452",38,17.27,50,0.63,1,0,2
"453",38,-4.73,41,0.63,0,0,2
"454",38,2.27,35,-2.87,0,0,2
"455",38,-7.73,42,1.13,0,0,2
"456",38,-2.73,52,1.13,1,0,2
"457",38,-7.73,26,-2.87,0,0,2
"458",38,-4.73,39,0.13,0,0,2
"459",38,-7.73,33,-3.87,0,0,2
"460",38,-7.73,50,1.63,1,0,2
"461",38,-7.73,38,-1.87,0,0,2
"462",38,-4.73,45,1.63,0,0,2
"463",38,5.27,43,2.63,0,0,2
"464",38,-7.73,41,0.13,1,0,2
"465",38,-2.73,36,-1.37,1,0,2
"466",38,2.27,38,0.13,1,0,2
"467",38,-7.73,31,-2.37,0,0,2
"468",38,9.27,53,3.63,1,0,2
"469",38,-10.73,35,1.63,0,0,2
"470",39,-14.73,31,-5.37,1,1,1
"471",39,-8.73,32,-0.87,1,0,1
"472",39,-10.73,37,-1.87,0,0,1
"473",39,-7.73,40,-1.37,0,0,1
"474",39,1.27,52,2.63,0,0,1
"475",39,-12.73,41,-1.87,0,0,1
"476",39,0.27,50,0.13,0,0,1
"477",39,-8.73,39,-1.37,0,0,1
"478",39,0.27,49,-1.87,1,0,1
"479",39,-1.73,48,-0.87,1,0,1
"480",39,-6.73,49,-0.37,1,0,1
"481",39,0.27,46,1.63,1,0,1
"482",39,9.27,47,-0.87,0,0,1
"483",39,-13.73,36,-1.37,0,0,1
"484",39,0.27,53,4.63,1,0,1
"485",39,-4.73,45,-1.87,1,0,1
"486",39,4.27,48,-0.87,1,0,1
"487",39,-1.73,55,0.63,1,0,1
"488",39,-4.73,51,2.63,1,0,1
"489",39,15.27,57,1.63,0,0,1
"490",39,4.27,38,0.13,1,0,1
"491",39,13.27,43,-0.87,1,1,1
"492",39,1.27,52,3.13,0,0,1
"493",39,7.27,54,1.13,1,0,1
"494",39,-8.73,40,-1.37,0,0,1
"495",39,9.27,48,4.13,0,0,1
"496",39,2.27,54,2.63,0,0,1
"497",40,17.27,41,-0.37,0,0,3
"498",40,12.27,27,-2.87,0,0,3
"499",40,22.27,30,-1.87,0,0,3
"500",40,22.27,48,0.63,0,0,3
"501",40,12.27,36,0.13,0,0,3
"502",40,-7.73,30,-2.37,0,0,3
"503",40,2.27,18,-0.37,0,0,3
"504",40,-7.73,34,0.63,0,0,3
"505",40,22.27,49,1.13,0,0,3
"506",40,-7.73,44,0.63,0,0,3
"507",40,2.27,50,3.63,0,0,3
"508",40,-7.73,51,2.13,1,0,3
"509",40,-7.73,50,1.63,1,0,3
"510",40,2.27,50,2.13,1,0,3
"511",40,2.27,44,0.13,1,0,3
"512",40,12.27,48,1.13,1,0,3
"513",40,-7.73,26,-2.37,1,0,3
"514",40,2.27,50,1.63,1,0,3
"515",40,2.27,52,3.13,1,0,3
"516",40,22.27,46,0.63,1,0,3
"517",40,12.27,50,1.63,1,0,3
"518",40,2.27,36,-0.87,1,0,3
"519",40,12.27,44,-0.87,1,0,3
"520",40,-7.73,35,-0.37,1,0,3
"521",40,2.27,20,0.63,1,0,3
"522",41,-7.73,38,-0.37,0,1,2
"523",41,-7.73,40,1.13,0,0,2
"524",41,-7.73,31,0.63,1,0,2
"525",41,2.27,38,-1.37,1,0,2
"526",41,-7.73,29,-0.87,0,0,2
"527",41,-7.73,52,3.13,1,0,2
"528",41,-7.73,41,3.13,0,0,2
"529",41,-7.73,48,1.13,0,0,2
"530",41,-7.73,50,3.63,1,0,2
"531",41,-12.73,37,-0.37,0,0,2
"532",41,-17.73,30,-0.87,0,1,2
"533",41,-12.73,28,-1.87,1,0,2
"534",41,-17.73,30,-2.37,0,1,2
"535",42,0.27,45,-0.37,0,0,3
"536",42,10.27,25,-0.37,0,0,3
"537",42,15.27,49,2.63,1,0,3
"538",42,12.27,30,0.13,1,0,3
"539",42,12.27,35,0.63,0,0,3
"540",42,2.27,18,-2.37,0,0,3
"541",42,-7.73,39,-0.87,1,0,3
"542",42,-7.73,20,-1.87,0,0,3
"543",42,2.27,47,2.63,1,0,3
"544",42,10.27,34,-0.87,1,0,3
"545",42,20.27,45,1.13,0,0,3
"546",42,-7.73,31,-0.37,1,0,3
"547",42,-2.73,38,-0.37,1,0,3
"548",42,-2.73,38,-0.37,1,0,3
"549",44,-16.73,33,-1.87,1,1,3
"550",44,-12.73,26,-0.87,0,0,3
"551",44,-2.73,43,-0.37,1,0,3
"552",44,-9.73,34,-1.37,1,1,3
"553",44,-9.73,39,-0.37,0,0,3
"554",44,-17.73,36,-1.37,0,1,3
"555",44,-10.73,46,0.63,0,0,3
"556",44,-2.73,38,-0.87,0,0,3
"557",44,-9.73,25,-0.87,0,0,3
"558",44,-9.73,23,-2.37,1,0,3
"559",44,-2.73,38,0.63,0,0,3
"560",44,-2.73,53,0.63,1,0,3
"561",44,-10.73,31,-1.87,0,0,3
"562",44,-7.73,45,-1.37,0,0,3
"563",44,-7.73,43,-0.37,0,0,3
"564",44,-9.73,26,0.13,0,0,3
"565",45,-9.73,36,-0.37,1,0,2
"566",45,-14.73,15,-4.87,0,0,2
"567",45,-3.73,37,-1.37,0,0,2
"568",45,-12.73,38,-0.87,0,0,2
"569",45,-0.73,47,-0.37,1,0,2
"570",45,-11.73,36,0.63,0,0,2
"571",45,-6.73,37,-0.37,0,0,2
"572",45,17.27,43,1.63,0,0,2
"573",45,17.27,48,1.63,1,0,2
"574",45,-10.73,45,-0.87,1,0,2
"575",45,17.27,48,0.13,0,0,2
"576",45,-4.73,47,0.63,0,0,2
"577",45,-12.73,40,0.63,1,0,2
"578",45,-11.73,51,0.63,1,0,2
"579",45,-6.73,45,1.13,0,0,2
"580",45,-12.73,51,2.13,1,0,2
"581",45,4.27,52,3.63,0,0,2
"582",45,-11.73,47,0.13,0,0,2
"583",47,-10.73,29,-1.37,0,0,3
"584",47,-9.73,15,-4.87,0,0,3
"585",47,-7.73,29,-1.87,0,0,3
"586",47,-17.73,20,-0.87,0,0,3
"587",47,-17.73,23,-7.37,1,1,3
"588",47,-7.73,27,-5.87,1,1,3
"589",47,-2.73,22,-1.87,0,1,3
"590",47,-2.73,23,-4.37,0,1,3
"591",48,-16.73,16,-6.87,1,1,2
"592",48,2.27,44,0.63,0,0,2
"593",48,-17.73,25,-2.87,0,1,2
"594",48,-10.73,30,-1.37,0,1,2
"595",48,-2.73,32,0.13,1,0,2
"596",48,-17.73,35,-0.87,1,0,2
"597",48,-7.73,32,-3.37,1,0,2
"598",48,-17.73,28,0.13,1,0,2
"599",48,2.27,37,1.63,1,0,2
"600",48,-17.73,46,1.13,1,0,2
"601",48,-0.73,52,0.63,1,0,2
"602",48,-17.73,40,-1.87,1,1,2
"603",49,22.27,51,1.13,1,1,1
"604",49,-2.73,46,-1.37,1,0,1
"605",49,-10.73,18,-3.87,1,0,1
"606",49,-10.73,32,-3.37,1,1,1
"607",49,22.27,41,1.63,1,1,1
"608",49,22.27,46,1.63,1,0,1
"609",49,-10.73,25,-2.87,1,0,1
"610",49,-7.73,21,-0.87,0,0,1
"611",49,-0.73,31,-0.37,0,0,1
"612",50,6.27,43,-2.37,1,0,2
"613",50,-1.73,36,-3.37,1,0,2
"614",50,-9.73,25,-1.37,1,0,2
"615",50,-17.73,25,-1.87,0,0,2
"616",50,-9.73,24,-4.87,1,0,2
"617",50,-9.73,38,-0.37,1,0,2
"618",50,13.27,44,0.13,0,0,2
"619",50,-9.73,33,-3.87,1,0,2
"620",50,-9.73,32,-1.87,1,0,2
"621",50,-1.73,39,0.13,0,0,2
"622",50,-17.73,28,-3.87,1,1,2
"623",50,13.27,36,1.63,0,0,2
"624",50,-9.73,30,-1.37,0,0,2
"625",50,-9.73,42,1.63,0,0,2
"626",50,6.27,38,-0.87,1,0,2
"627",50,13.27,40,2.13,1,0,2
"628",50,6.27,40,0.63,0,0,2
"629",50,21.27,48,-1.37,0,0,2
"630",50,-17.73,41,-2.37,0,0,2
"631",50,13.27,42,0.63,1,0,2
"632",50,-9.73,44,-2.37,1,0,2
"633",50,13.27,44,-4.37,0,0,2
"634",50,-9.73,54,4.13,0,0,2
"635",50,-9.73,50,2.63,1,0,2
"636",52,-14.73,25,-1.37,0,0,3
"637",52,-17.73,28,-1.37,0,1,3
"638",52,2.27,39,1.63,1,0,3
"639",52,17.27,25,-0.87,0,0,3
"640",52,15.27,49,2.63,0,0,3
"641",52,-9.73,34,-0.87,0,0,3
"642",52,-7.73,36,3.63,0,0,3
"643",52,-14.73,19,-1.37,0,0,3
"644",52,0.27,48,-0.87,0,0,3
"645",52,-12.73,22,-0.37,0,0,3
"646",52,7.27,47,5.13,0,0,3
"647",52,-12.73,47,0.63,1,0,3
"648",52,-7.73,44,0.13,1,0,3
"649",52,-7.73,35,0.13,1,0,3
"650",52,5.27,43,5.13,1,0,3
"651",52,-17.73,38,-4.87,1,0,3
"652",52,-12.73,44,1.63,1,0,3
"653",52,-2.73,37,-0.37,1,0,3
"654",52,7.27,44,1.13,1,0,3
"655",52,-12.73,32,-0.87,1,0,3
"656",52,12.27,42,1.63,1,0,3
"657",53,2.27,45,0.13,1,0,2
"658",53,-6.73,34,-1.37,1,0,2
"659",53,-3.73,42,0.13,1,0,2
"660",53,-1.73,42,1.13,1,0,2
"661",53,-6.73,42,-0.37,0,0,2
"662",53,-6.73,36,-1.87,1,0,2
"663",53,-1.73,50,1.13,1,0,2
"664",53,-1.73,43,-0.37,0,0,2
"665",53,-3.73,46,-0.37,0,0,2
"666",53,9.27,43,-0.37,1,1,2
"667",53,0.27,53,5.63,0,0,2
"668",53,-10.73,52,1.63,0,0,2
"669",53,12.27,46,3.63,0,1,2
"670",53,0.27,57,1.63,1,0,2
"671",53,4.27,51,1.63,0,1,2
"672",53,-1.73,49,1.63,0,0,2
"673",53,-3.73,51,2.63,0,0,2
"674",53,-7.73,51,3.13,0,0,2
"675",53,-7.73,39,0.13,0,0,2
"676",54,15.27,36,-0.87,0,0,1
"677",54,22.27,42,0.63,1,0,1
"678",54,9.27,50,-0.37,1,0,1
"679",54,20.27,52,0.13,1,0,1
"680",54,2.27,46,-0.87,1,0,1
"681",54,22.27,55,3.63,1,0,1
"682",54,12.27,50,0.63,1,0,1
"683",54,17.27,42,-0.37,0,0,1
"684",54,22.27,54,2.63,0,0,1
"685",54,12.27,50,3.63,1,0,1
"686",54,22.27,53,3.13,0,0,1
"687",54,12.27,49,1.13,1,0,1
"688",54,12.27,49,1.63,0,0,1
"689",54,22.27,51,-0.37,1,0,1
"690",54,22.27,54,3.63,0,0,1
"691",54,12.27,53,1.63,1,0,1
"692",54,15.27,46,1.13,0,0,1
"693",54,5.27,34,-1.37,0,0,1
"694",54,15.27,47,1.13,1,0,1
"695",54,-10.73,42,0.13,0,0,1
"696",54,22.27,51,6.13,1,0,1
"697",54,15.27,44,1.13,0,0,1
"698",54,-7.73,36,1.13,1,0,1
"699",54,-7.73,40,1.63,0,0,1
"700",54,17.27,50,4.63,1,0,1
"701",54,17.27,23,-1.37,0,0,1
"702",54,22.27,51,1.13,1,0,1
"703",54,17.27,45,-0.37,1,0,1
"704",54,15.27,44,-0.37,0,0,1
"705",54,10.27,34,-0.37,1,0,1
"706",54,7.27,48,0.13,1,0,1
"707",55,12.27,37,-4.87,0,0,2
"708",55,0.27,39,-1.37,0,0,2
"709",55,22.27,54,3.63,1,0,2
"710",55,2.27,46,0.63,0,0,2
"711",55,17.27,54,2.63,1,0,2
"712",55,2.27,44,-0.87,0,0,2
"713",55,2.27,40,0.63,1,0,2
"714",55,2.27,31,-1.87,1,0,2
"715",55,22.27,46,-0.87,0,0,2
"716",55,-7.73,23,-2.37,1,0,2
"717",55,22.27,52,4.13,1,0,2
"718",55,10.27,44,1.63,0,0,2
"719",55,17.27,40,1.13,0,0,2
"720",55,2.27,37,0.63,0,0,2
"721",55,-0.73,38,-0.37,0,0,2
"722",55,-7.73,34,-4.87,1,0,2
"723",55,17.27,51,5.63,0,0,2
"724",55,15.27,40,-2.37,0,0,2
"725",55,2.27,39,0.13,1,0,2
"726",55,-17.73,23,0.63,0,0,2
"727",55,2.27,39,-1.37,0,0,2
"728",55,12.27,44,3.63,1,0,2
"729",55,12.27,42,0.63,1,0,2
"730",55,2.27,40,0.13,0,0,2
"731",55,22.27,41,0.13,1,0,2
"732",55,17.27,51,-0.87,0,0,2
"733",55,12.27,43,0.63,1,0,2
"734",55,2.27,33,1.13,0,0,2
"735",55,7.27,42,-1.37,1,0,2
"736",55,7.27,48,0.13,0,0,2
"737",57,-7.73,33,0.13,0,1,1
"738",57,2.27,33,0.13,0,0,1
"739",57,12.27,33,-0.37,0,0,1
"740",57,12.27,39,1.13,0,0,1
"741",57,12.27,47,0.13,0,0,1
"742",57,2.27,42,1.13,0,0,1
"743",57,22.27,44,1.63,0,0,1
"744",57,12.27,50,2.13,0,0,1
"745",57,2.27,33,-0.37,0,0,1
"746",57,12.27,41,1.13,0,0,1
"747",57,12.27,45,-3.37,1,0,1
"748",57,17.27,40,-0.87,1,0,1
"749",57,7.27,52,1.13,1,0,1
"750",57,17.27,45,-1.37,1,0,1
"751",57,22.27,55,3.13,1,0,1
"752",57,12.27,35,-0.37,1,1,1
"753",57,22.27,54,-0.37,1,0,1
"754",57,22.27,42,3.63,1,0,1
"755",57,22.27,41,0.13,1,1,1
"756",57,12.27,45,-0.87,1,0,1
"757",57,12.27,29,-1.87,1,0,1
"758",57,7.27,26,-4.37,1,0,1
"759",57,2.27,53,3.63,1,0,1
"760",57,2.27,41,-0.87,1,0,1
"761",58,-6.73,30,0.63,0,0,5
"762",58,0.27,42,-0.87,1,0,5
"763",58,-7.73,23,-3.87,1,0,5
"764",58,16.27,41,0.13,0,0,5
"765",58,-8.73,31,0.13,1,0,5
"766",58,4.27,38,1.13,1,0,5
"767",58,18.27,26,-0.87,1,0,5
"768",58,21.27,40,-0.87,0,0,5
"769",58,13.27,46,4.13,1,0,5
"770",58,12.27,41,0.13,0,0,5
"771",58,6.27,46,-1.37,0,1,5
"772",58,15.27,50,3.63,1,0,5
"773",58,15.27,51,1.63,1,0,5
"774",58,12.27,53,2.63,1,0,5
"775",58,13.27,53,5.63,1,0,5
"776",60,3.27,38,-1.87,0,0,1
"777",60,22.27,22,-2.37,1,1,1
"778",60,5.27,41,0.63,1,0,1
"779",60,5.27,31,-0.37,0,0,1
"780",60,-2.73,48,1.63,0,0,1
"781",60,5.27,26,-3.87,0,0,1
"782",60,12.27,36,1.13,0,0,1
"783",60,22.27,47,0.13,1,0,1
"784",60,9.27,48,2.13,0,0,1
"785",60,12.27,52,2.13,1,0,1
"786",60,-7.73,37,0.13,1,0,1
"787",61,-1.73,33,2.63,1,0,2
"788",61,-4.73,45,-0.37,0,0,2
"789",61,-17.73,19,-4.37,0,1,2
"790",61,-2.73,50,3.13,1,0,2
"791",61,2.27,39,-2.87,0,0,2
"792",61,-0.73,40,3.13,0,0,2
"793",61,-7.73,29,-3.87,1,0,2
"794",61,22.27,49,-1.87,1,0,2
"795",61,2.27,51,3.13,1,0,2
"796",61,9.27,56,4.13,1,0,2
"797",61,-17.73,41,-0.37,1,0,2
"798",61,-9.73,27,1.13,0,0,2
"799",61,-17.73,31,-1.37,1,1,2
"800",61,15.27,48,0.63,1,0,2
"801",61,9.27,40,0.13,0,0,2
"802",61,-0.73,33,-0.87,1,0,2
"803",61,2.27,38,-0.37,0,0,2
"804",61,-2.73,40,-1.87,1,0,2
"805",61,-4.73,39,-1.37,0,0,2
"806",61,-2.73,43,2.63,1,0,2
"807",61,2.27,46,1.63,0,0,2
"808",62,-2.73,51,4.13,0,0,3
"809",62,22.27,47,-1.37,1,0,3
"810",62,12.27,49,5.63,1,0,3
"811",62,22.27,43,1.63,0,0,3
"812",62,2.27,43,0.63,1,0,3
"813",62,2.27,53,2.63,0,0,3
"814",62,17.27,40,0.13,0,0,3
"815",62,22.27,53,0.63,1,0,3
"816",62,2.27,48,1.63,0,0,3
"817",62,2.27,36,2.13,0,0,3
"818",62,2.27,50,0.13,0,0,3
"819",62,2.27,54,5.63,1,0,3
"820",62,12.27,42,0.13,1,0,3
"821",62,-7.73,51,1.13,0,0,3
"822",62,-7.73,43,-0.37,0,0,3
"823",62,12.27,51,4.13,0,0,3
"824",62,22.27,53,5.63,0,0,3
"825",62,22.27,49,2.63,1,0,3
"826",62,2.27,41,-0.37,1,0,3
"827",62,2.27,44,-0.37,1,0,3
"828",62,22.27,41,1.13,0,0,3
"829",64,-7.73,36,-1.87,1,0,1
"830",64,-2.73,36,-1.37,0,0,1
"831",64,-4.73,46,0.63,1,0,1
"832",64,6.27,27,1.63,0,0,1
"833",64,3.27,41,0.13,0,0,1
"834",64,10.27,39,-0.37,0,0,1
"835",64,9.27,47,-0.87,0,0,1
"836",64,0.27,41,-1.87,1,0,1
"837",64,1.27,37,1.13,0,0,1
"838",64,-16.73,26,-2.37,0,1,1
"839",64,-10.73,44,0.63,1,0,1
"840",64,-8.73,43,-1.87,0,0,1
"841",64,17.27,44,1.13,1,0,1
"842",64,-16.73,34,-1.37,1,1,1
"843",64,17.27,47,1.63,1,0,1
"844",64,15.27,46,0.63,1,0,1
"845",64,11.27,50,1.13,1,0,1
"846",64,3.27,52,1.13,0,0,1
"847",64,18.27,56,1.63,1,0,1
"848",64,13.27,52,2.13,1,0,1
"849",64,17.27,51,3.63,0,0,1
"850",65,-9.73,57,3.13,0,0,4
"851",65,2.27,51,-0.87,0,0,4
"852",65,-2.73,43,-1.87,0,0,4
"853",65,-14.73,43,4.13,0,0,4
"854",65,15.27,43,0.63,0,0,4
"855",65,-12.73,43,0.13,0,0,4
"856",65,15.27,54,-0.37,0,0,4
"857",65,-14.73,33,-2.37,1,0,4
"858",65,9.27,55,2.63,0,0,4
"859",65,12.27,47,1.63,0,0,4
"860",65,5.27,36,-0.37,1,0,4
"861",65,22.27,55,0.63,1,0,4
"862",65,-17.73,41,0.13,0,0,4
"863",65,0.27,54,0.13,1,0,4
"864",65,9.27,50,2.63,1,0,4
"865",65,9.27,54,-0.37,1,0,4
"866",65,7.27,47,0.13,0,0,4
"867",65,-14.73,41,0.13,0,0,4
"868",65,2.27,50,1.63,0,0,4
"869",65,2.27,43,1.63,1,0,4
"870",65,2.27,50,-0.37,1,0,4
"871",65,17.27,52,2.63,1,0,4
"872",66,-10.73,32,-2.87,0,0,3
"873",66,12.27,52,2.13,0,0,3
"874",66,-10.73,21,-1.37,0,0,3
"875",66,2.27,36,-0.87,1,0,3
"876",66,9.27,49,-0.87,1,0,3
"877",66,5.27,37,-0.87,1,0,3
"878",66,5.27,28,-1.37,1,0,3
"879",66,9.27,50,4.63,1,0,3
"880",66,2.27,47,2.13,0,0,3
"881",66,2.27,35,-0.37,0,0,3
"882",66,5.27,52,3.63,0,0,3
"883",67,9.27,52,3.63,1,0,3
"884",67,-7.73,39,-0.87,0,0,3
"885",67,-7.73,25,0.13,0,0,3
"886",67,-0.73,25,-1.37,0,0,3
"887",67,2.27,38,1.13,1,0,3
"888",67,-4.73,31,-0.37,0,0,3
"889",67,-10.73,26,-2.87,0,0,3
"890",67,-4.73,35,0.63,1,0,3
"891",67,9.27,29,0.63,0,0,3
"892",67,2.27,32,-2.37,0,0,3
"893",67,-0.73,34,1.13,0,0,3
"894",67,12.27,51,1.63,1,0,3
"895",67,2.27,47,3.13,1,0,3
"896",67,5.27,39,3.63,0,0,3
"897",67,-0.73,39,1.13,1,0,3
"898",67,15.27,27,-0.37,0,0,3
"899",67,12.27,45,4.13,1,0,3
"900",67,-4.73,32,-1.87,0,0,3
"901",67,-0.73,41,-1.37,1,0,3
"902",67,0.27,38,-1.37,1,0,3
"903",67,9.27,40,2.13,1,0,3
"904",67,-7.73,39,4.13,0,0,3
"905",67,2.27,29,-2.37,1,0,3
"906",67,-7.73,40,-0.87,1,0,3
"907",67,12.27,32,-1.37,1,0,3
"908",67,-7.73,17,-0.87,1,0,3
"909",68,-7.73,50,3.13,1,0,3
"910",68,-9.73,38,1.63,0,0,3
"911",68,-7.73,47,2.13,0,0,3
"912",68,-4.73,41,3.13,0,0,3
"913",68,-7.73,50,2.63,1,0,3
"914",68,-2.73,38,-0.37,1,0,3
"915",68,-12.73,47,1.63,1,0,3
"916",68,-9.73,27,-0.87,1,0,3
"917",68,-7.73,42,1.13,0,0,3
"918",68,-12.73,27,-1.37,0,0,3
"919",68,-4.73,43,0.13,1,0,3
"920",68,-4.73,43,1.63,1,0,3
"921",68,-7.73,39,0.63,1,0,3
"922",68,-9.73,43,-2.37,1,0,3
"923",68,2.27,53,5.13,0,0,3
"924",68,-2.73,54,2.13,0,0,3
"925",68,-12.73,47,2.63,1,0,3
"926",68,-7.73,37,-3.37,1,0,3
"927",68,-12.73,40,1.63,0,0,3
"928",68,-7.73,27,-1.37,0,0,3
"929",69,-8.73,41,2.13,1,0,3
"930",69,-8.73,42,4.13,1,0,3
"931",69,-8.73,27,-2.87,0,0,3
"932",69,-8.73,43,2.13,0,0,3
"933",69,13.27,44,1.63,1,0,3
"934",69,-8.73,26,-1.37,0,0,3
"935",69,13.27,41,0.13,1,0,3
"936",69,-12.73,43,0.63,0,0,3
"937",69,-8.73,52,3.13,0,0,3
"938",69,-12.73,30,0.13,0,0,3
"939",69,-8.73,35,2.13,1,0,3
"940",69,8.27,39,-0.37,0,0,3
"941",69,-12.73,33,-0.87,0,0,3
"942",69,-8.73,50,3.13,1,0,3
"943",69,4.27,44,-0.37,1,0,3
"944",69,-12.73,45,0.63,0,0,3
"945",69,-8.73,36,0.13,1,0,3
"946",69,21.27,41,-0.37,0,0,3
"947",69,-8.73,44,-0.37,0,0,3
"948",69,-3.73,34,-0.87,0,0,3
"949",69,-12.73,49,0.63,0,0,3
"950",69,-0.73,51,4.63,0,0,3
"951",70,13.27,49,-0.37,1,0,4
"952",70,13.27,38,-1.37,1,0,4
"953",70,18.27,42,-2.37,0,0,4
"954",70,4.27,32,-0.37,0,0,4
"955",70,10.27,43,1.63,0,0,4
"956",70,19.27,37,1.13,0,0,4
"957",70,19.27,36,-1.87,0,0,4
"958",70,19.27,44,-0.37,0,0,4
"959",70,17.27,53,0.63,1,0,4
"960",70,6.27,36,-3.37,1,0,4
"961",70,21.27,50,0.63,1,0,4
"962",70,11.27,39,-4.87,0,0,4
"963",70,13.27,46,1.13,0,0,4
"964",70,21.27,47,3.13,1,0,4
"965",70,21.27,46,1.63,0,0,4
"966",70,-1.73,40,-0.87,0,1,4
"967",70,21.27,47,1.63,0,0,4
"968",71,2.27,26,0.63,0,0,2
"969",71,21.27,44,-1.87,1,0,2
"970",71,-16.73,34,-0.37,1,1,2
"971",71,9.27,47,-2.37,1,0,2
"972",71,0.27,45,0.13,1,0,2
"973",71,7.27,39,0.13,1,0,2
"974",71,21.27,50,0.63,1,0,2
"975",72,14.27,36,1.63,1,0,4
"976",72,12.27,47,-1.37,1,0,4
"977",72,3.27,30,-1.37,0,0,4
"978",72,12.27,38,-1.87,0,0,4
"979",72,12.27,51,2.63,0,0,4
"980",72,4.27,50,1.13,1,0,4
"981",72,17.27,52,4.63,1,0,4
"982",74,-10.73,22,-4.37,1,0,1
"983",74,-4.73,25,-0.37,0,0,1
"984",74,-1.73,25,-0.87,0,0,1
"985",74,9.27,34,1.13,0,0,1
"986",74,-7.73,37,-1.87,0,0,1
"987",74,9.27,42,0.13,1,0,1
"988",74,-7.73,28,-1.87,0,0,1
"989",74,-4.73,27,-4.37,0,0,1
"990",74,6.27,40,-0.87,0,0,1
"991",74,3.27,24,-1.37,0,0,1
"992",74,6.27,45,0.63,1,0,1
